Lot #,Model,Carrier,Model #,Item Description,Qty,Grade,Capacity
43607,iPhone 11 Pro Max,Unlocked,208554,iPhone 11 Pro Max 64GB Verizon,11,B,64GB
43607,iPhone 11 Pro Max,Unlocked,208557,iPhone 11 Pro Max 256GB Verizon,5,B,256GB
43607,iPhone 11 Pro Max,Unlocked,208539,iPhone 11 Pro Max 64GB T-Mobile,4,B,64GB
43607,iPhone 11 Pro Max,Unlocked,208539,iPhone 11 Pro Max 64GB T-Mobile,3,A,64GB
43607,iPhone 11 Pro Max,Unlocked,208554,iPhone 11 Pro Max 64GB Verizon,3,A,64GB
43607,iPhone 11 Pro Max,Unlocked,208584,iPhone 11 Pro Max 64GB OTH,3,B,64GB
43607,iPhone 11 Pro Max,Unlocked,208557,iPhone 11 Pro Max 256GB Verizon,2,A,256GB
43607,iPhone 11 Pro Max,Unlocked,208560,iPhone 11 Pro Max 512GB Verizon,2,B,512GB
43607,iPhone 11 Pro Max,Unlocked,208472,iPhone 11 Pro Max 64GB AT&T,1,A,64GB
43607,iPhone 11 Pro Max,Unlocked,208506,iPhone 11 Pro Max 64GB Sprint,1,A,64GB
43607,iPhone 11 Pro Max,Unlocked,208524,iPhone 11 Pro Max 256GB Sprint,1,A,256GB
43607,iPhone 11 Pro Max,Unlocked,208545,iPhone 11 Pro Max 256GB T-Mobile,1,A,256GB
43607,iPhone 11 Pro Max,Unlocked,208560,iPhone 11 Pro Max 512GB Verizon,1,A,512GB
43607,iPhone 11 Pro Max,Unlocked,208524,iPhone 11 Pro Max 256GB Sprint,1,B,256GB
43607,iPhone 11 Pro Max,Unlocked,208545,iPhone 11 Pro Max 256GB T-Mobile,1,B,256GB
